{
  "projectType": [
    "sap.watt.uitools.ide.fiori",
    "com.sap.webide.hybrid.cordova"
  ],
  "generation": [
    {
      "templateId": "ui5template.basicSAPUI5ApplicationProject",
      "templateVersion": "1.32.0",
      "dateTimeStamp": "Wed, 13 Jan 2016 12:56:36 GMT"
    },
    {
      "templateId": "servicecatalog.connectivityComponent",
      "templateVersion": "0.0.0",
      "dateTimeStamp": "Wed, 13 Jan 2016 12:57:19 GMT"
    },
    {
      "templateId": "wysiwygtemplate.quickStart",
      "templateVersion": "0.0.0",
      "dateTimeStamp": "Tue, 12 Mar 2019 05:52:00 GMT"
    },
    {
      "templateId": "ui5template.basicSAPUI5ApplicationComponent",
      "templateVersion": "1.4.0",
      "dateTimeStamp": "Fri, 15 Mar 2019 08:46:59 GMT"
    }
  ],
  "translation": {
    "translationDomain": "",
    "supportedLanguages": "en,fr,de",
    "defaultLanguage": "en",
    "defaultI18NPropertyFile": "i18n.properties",
    "resourceModelName": "i18n"
  },
  "dataBinding": {},
  "mockpreview": {
    "mockUri": "localService/metadata.xml",
    "metadataFilePath": "localService/metadata.xml",
    "loadJSONFiles": true,
    "loadCustomRequests": false,
    "mockRequestsFilePath": ""
  }
}