{
  "Mortgage-App.zip": "1554367522923",
  "webapp/Component.js": "1553499162172",
  "webapp/controller/Activate.Controller.js": "1553596435528",
  "webapp/controller/App.Controller.js": "1553059778087",
  "webapp/controller/BaseController.js": "1553749322010",
  "webapp/controller/FindShopByMap.controller.js": "1554365763785",
  "webapp/controller/Home.Controller.js": "1553846505241",
  "webapp/controller/ItemDetail.Controller.js": "1554114313027",
  "webapp/controller/LoginAndRegister.Controller.js": "1553159556427",
  "webapp/controller/LoginPage.Controller.js": "1554711929255",
  "webapp/controller/NearByLocation.Controller.js": "1553837793009",
  "webapp/controller/Notification.Controller.js": "1553677470851",
  "webapp/controller/NotificationDetail.Controller.js": "1553430760320",
  "webapp/controller/RegisterPage.Controller.js": "1553598390950",
  "webapp/controller/RegisterShop.Controller.js": "1553676287440",
  "webapp/controller/ResultSearchItem.Controller.js": "1554115756783",
  "webapp/controller/ResultSearchShop.Controller.js": "1553513080247",
  "webapp/controller/SearchFilterItem.Controller.js": "1554107974251",
  "webapp/controller/SearchFilterShop.Controller.js": "1554442640004",
  "webapp/controller/SearchItem.Controller.js": "1553679021362",
  "webapp/controller/SearchShop.controller.js": "1553518325994",
  "webapp/controller/ShopDetail.Controller.js": "1554355990182",
  "webapp/controller/UserDetail.Controller.js": "1553764041837",
  "webapp/css/style.css": "1554370074463",
  "webapp/extended_runnable_file.html": "1553058722141",
  "webapp/fragment/FilterBox.fragment.xml": "1554266610400",
  "webapp/fragment/ListCategory.fragment.xml": "1554104611423",
  "webapp/fragment/RatingBox.fragment.xml": "1553762197183",
  "webapp/fragment/ShopBox.fragment.xml": "1554113463881",
  "webapp/fragment/SortBox.fragment.xml": "1554097391099",
  "webapp/i18n/i18n.properties": "1554367442058",
  "webapp/images/logo.jpg": "1553064383216",
  "webapp/index.html": "1553166232770",
  "webapp/localService/metadata.xml": "1553058722155",
  "webapp/localService/mockdata/Entity1_Set.json": "1553058722159",
  "webapp/localService/mockdata/Entity2_Set.json": "1553058722164",
  "webapp/localService/mockdata/Entity3_Set.json": "1553058722168",
  "webapp/manifest.json": "1554362421630",
  "webapp/model/account.json": "1552471074377",
  "webapp/model/category.json": "1552621118260",
  "webapp/model/dataDistrisct.json": "1554266476631",
  "webapp/model/dataLocation.json": "1554265040021",
  "webapp/model/formatter.js": "1553434669931",
  "webapp/model/location.json": "1553013221760",
  "webapp/model/models.js": "1554659803330",
  "webapp/model/notifications.json": "1553055547290",
  "webapp/model/shop.json": "1553436714400",
  "webapp/model/shopByFilter.json": "1553345694944",
  "webapp/model/shopDetail.json": "1553436737321",
  "webapp/model/sortItem.json": "1554102428980",
  "webapp/model/sortShop.json": "1554096568085",
  "webapp/model/userDetail.json": "1552885056691",
  "webapp/view/Activate.view.xml": "1553597466596",
  "webapp/view/App.view.xml": "1553689410484",
  "webapp/view/FindShopByMap.view.xml": "1554364289347",
  "webapp/view/Home.view.xml": "1554115568320",
  "webapp/view/ItemDetail.view.xml": "1554367420842",
  "webapp/view/LoginAndRegister.view.xml": "1554115824532",
  "webapp/view/LoginPage.view.xml": "1554560116171",
  "webapp/view/NearByLocation.view.xml": "1554367184943",
  "webapp/view/Notification.view.xml": "1553438389312",
  "webapp/view/NotificationDetail.view.xml": "1553438395456",
  "webapp/view/RegisterPage.view.xml": "1553497112765",
  "webapp/view/RegisterShop.view.xml": "1553675762359",
  "webapp/view/ResultSearchItem.view.xml": "1554115720958",
  "webapp/view/ResultSearchShop.view.xml": "1554115676848",
  "webapp/view/SearchFilterItem.view.xml": "1554104592119",
  "webapp/view/SearchFilterShop.view.xml": "1554440156318",
  "webapp/view/SearchItem.view.xml": "1553454998031",
  "webapp/view/SearchShop.view.xml": "1553453696787",
  "webapp/view/ShopDetail.view.xml": "1554114831244",
  "webapp/view/UserDetail.view.xml": "1553663273621"
}