<core:FragmentDefinition xmlns:core='sap.ui.core' xmlns="sap.m" xmlns:l="sap.ui.layout" xmlns:fb="sap.ui.comp.filterbar">
	<Dialog title="{i18n>title_filterBox}" afterClose="dialogAfterclose">
		<content>
			<fb:FilterBar id="filterbar" search="onSearch" useToolbar="false" showGoOnFB="false" showFilterConfiguration="false" class="itemFilter">
				<fb:filterItems>
					<fb:FilterItem name="A" label="{i18n>lbl_city}">
						<fb:control>
							<Select forceSelection="false" change="onChangeCity" selectedKey="{dataCity>/selectedCity}" id="filterCity"
								items="{ path: 'dataCity>/results', templateShareable: false }">
								<items>
									<core:Item key="{dataCity>id}" text="{dataCity>cityName}"/>
								</items>
							</Select>
						</fb:control>
					</fb:FilterItem>
					<fb:FilterItem name="B" label="{i18n>lbl_region}">
						<fb:control>
							<Select id="filterDistrict" selectItemId="{dataDis>id}" items="{dataDis>/results}">
								<core:Item key="{dataDis>id}" text="{dataDis>districtName}"/>
							</Select>
						</fb:control>
					</fb:FilterItem>
					<fb:FilterItem name="D" label="{i18n>lbl_category}">
						<fb:control>
							<Select id="filterItem" selectItemId="{dataCate>id}" items="{dataCate>/results}">
								<core:Item key="{dataCate>id}" text="{dataCate>categoryName}"/>
							</Select>
						</fb:control>
					</fb:FilterItem>
				</fb:filterItems>
				<Button text="{i18n>btn_searchByFields}" press="searchPlaceByForm" class="btn-searchByFilter" />
			</fb:FilterBar>
		</content>
		<endButton>
			<Button text="Close" press="onDialogClose"/>
		</endButton>
	</Dialog>
</core:FragmentDefinition>